kode_wilayah,kode_propinsi,nama_propinsi,kode_dati2,kabupaten,kode_kecamatan,kecamatan,kode_kelurahan,nama_desa,is_active,created_at,updated_at
3303010001,33,Jawa Tengah,03,Purbalingga,010,Kemangkon,001,Kedungbenda,t,2026-07-17 14:15:33.102,2026-07-17 14:15:33.102
3303010002,33,Jawa Tengah,03,Purbalingga,010,Kemangkon,002,Bokol,t,2026-07-17 14:15:33.138,2026-07-17 14:15:33.138
3303010003,33,Jawa Tengah,03,Purbalingga,010,Kemangkon,003,Pelumutan,t,2026-07-17 14:15:33.144,2026-07-17 14:15:33.144
3303010004,33,Jawa Tengah,03,Purbalingga,010,Kemangkon,004,Majatengah,t,2026-07-17 14:15:33.15,2026-07-17 14:15:33.15
3303010005,33,Jawa Tengah,03,Purbalingga,010,Kemangkon,005,Kedunglegok,t,2026-07-17 14:15:33.158,2026-07-17 14:15:33.158
3303010006,33,Jawa Tengah,03,Purbalingga,010,Kemangkon,006,Kemangkon,t,2026-07-17 14:15:33.167,2026-07-17 14:15:33.167
3303010007,33,Jawa Tengah,03,Purbalingga,010,Kemangkon,007,Panican,t,2026-07-17 14:15:33.174,2026-07-17 14:15:33.174
3303010008,33,Jawa Tengah,03,Purbalingga,010,Kemangkon,008,Bakulan,t,2026-07-17 14:15:33.18,2026-07-17 14:15:33.18
3303010009,33,Jawa Tengah,03,Purbalingga,010,Kemangkon,009,Karangkemiri,t,2026-07-17 14:15:33.185,2026-07-17 14:15:33.185
3303010010,33,Jawa Tengah,03,Purbalingga,010,Kemangkon,010,Pegandekan,t,2026-07-17 14:15:33.195,2026-07-17 14:15:33.195
3303010011,33,Jawa Tengah,03,Purbalingga,010,Kemangkon,011,Senon,t,2026-07-17 14:15:33.202,2026-07-17 14:15:33.202
3303010012,33,Jawa Tengah,03,Purbalingga,010,Kemangkon,012,Sumilir,t,2026-07-17 14:15:33.208,2026-07-17 14:15:33.208
3303010013,33,Jawa Tengah,03,Purbalingga,010,Kemangkon,013,Kalialang,t,2026-07-17 14:15:33.213,2026-07-17 14:15:33.213
3303010014,33,Jawa Tengah,03,Purbalingga,010,Kemangkon,014,Karangtengah,t,2026-07-17 14:15:33.219,2026-07-17 14:15:33.219
3303010015,33,Jawa Tengah,03,Purbalingga,010,Kemangkon,015,Muntang,t,2026-07-17 14:15:33.223,2026-07-17 14:15:33.223
3303010016,33,Jawa Tengah,03,Purbalingga,010,Kemangkon,016,Gambarsari,t,2026-07-17 14:15:33.229,2026-07-17 14:15:33.229
3303010017,33,Jawa Tengah,03,Purbalingga,010,Kemangkon,017,Toyareka,t,2026-07-17 14:15:33.234,2026-07-17 14:15:33.234
3303010018,33,Jawa Tengah,03,Purbalingga,010,Kemangkon,018,Jetis,t,2026-07-17 14:15:33.239,2026-07-17 14:15:33.239
3303010019,33,Jawa Tengah,03,Purbalingga,010,Kemangkon,019,Majasem,t,2026-07-17 14:15:33.245,2026-07-17 14:15:33.245
3303020001,33,Jawa Tengah,03,Purbalingga,020,Bukateja,001,Tidu,t,2026-07-17 14:15:33.251,2026-07-17 14:15:33.251
3303020002,33,Jawa Tengah,03,Purbalingga,020,Bukateja,002,Wirasaba,t,2026-07-17 14:15:33.255,2026-07-17 14:15:33.255
3303020003,33,Jawa Tengah,03,Purbalingga,020,Bukateja,003,Kembangan,t,2026-07-17 14:15:33.26,2026-07-17 14:15:33.26
3303020004,33,Jawa Tengah,03,Purbalingga,020,Bukateja,004,Cipawon,t,2026-07-17 14:15:33.265,2026-07-17 14:15:33.265
3303020005,33,Jawa Tengah,03,Purbalingga,020,Bukateja,005,Karangcengis,t,2026-07-17 14:15:33.271,2026-07-17 14:15:33.271
3303020006,33,Jawa Tengah,03,Purbalingga,020,Bukateja,006,Karanggedang,t,2026-07-17 14:15:33.277,2026-07-17 14:15:33.277
3303020007,33,Jawa Tengah,03,Purbalingga,020,Bukateja,007,Karangnangka,t,2026-07-17 14:15:33.283,2026-07-17 14:15:33.283
3303020008,33,Jawa Tengah,03,Purbalingga,020,Bukateja,008,Kutawis,t,2026-07-17 14:15:33.289,2026-07-17 14:15:33.289
3303020009,33,Jawa Tengah,03,Purbalingga,020,Bukateja,009,Kebutuh,t,2026-07-17 14:15:33.294,2026-07-17 14:15:33.294
3303020010,33,Jawa Tengah,03,Purbalingga,020,Bukateja,010,Penaruban,t,2026-07-17 14:15:33.3,2026-07-17 14:15:33.3
3303020011,33,Jawa Tengah,03,Purbalingga,020,Bukateja,011,Kedungjati,t,2026-07-17 14:15:33.307,2026-07-17 14:15:33.307
3303020012,33,Jawa Tengah,03,Purbalingga,020,Bukateja,012,Bukateja,t,2026-07-17 14:15:33.311,2026-07-17 14:15:33.311
3303020013,33,Jawa Tengah,03,Purbalingga,020,Bukateja,013,Majasari,t,2026-07-17 14:15:33.316,2026-07-17 14:15:33.316
3303020014,33,Jawa Tengah,03,Purbalingga,020,Bukateja,014,Bajong,t,2026-07-17 14:15:33.321,2026-07-17 14:15:33.321
3303030001,33,Jawa Tengah,03,Purbalingga,030,Kejobong,001,Bandingan,t,2026-07-17 14:15:33.326,2026-07-17 14:15:33.326
3303030002,33,Jawa Tengah,03,Purbalingga,030,Kejobong,002,Lamuk,t,2026-07-17 14:15:33.33,2026-07-17 14:15:33.33
3303030003,33,Jawa Tengah,03,Purbalingga,030,Kejobong,003,Sokanegara,t,2026-07-17 14:15:33.334,2026-07-17 14:15:33.334
3303030004,33,Jawa Tengah,03,Purbalingga,030,Kejobong,004,Gumiwang,t,2026-07-17 14:15:33.339,2026-07-17 14:15:33.339
3303030005,33,Jawa Tengah,03,Purbalingga,030,Kejobong,005,Krenceng,t,2026-07-17 14:15:33.345,2026-07-17 14:15:33.345
3303030006,33,Jawa Tengah,03,Purbalingga,030,Kejobong,006,Nangkasawit,t,2026-07-17 14:15:33.35,2026-07-17 14:15:33.35
3303030007,33,Jawa Tengah,03,Purbalingga,030,Kejobong,007,Pandansari,t,2026-07-17 14:15:33.355,2026-07-17 14:15:33.355
3303030008,33,Jawa Tengah,03,Purbalingga,030,Kejobong,008,Kejobong,t,2026-07-17 14:15:33.36,2026-07-17 14:15:33.36
3303030009,33,Jawa Tengah,03,Purbalingga,030,Kejobong,009,Langgar,t,2026-07-17 14:15:33.364,2026-07-17 14:15:33.364
3303030010,33,Jawa Tengah,03,Purbalingga,030,Kejobong,010,Timbang,t,2026-07-17 14:15:33.369,2026-07-17 14:15:33.369
3303030011,33,Jawa Tengah,03,Purbalingga,030,Kejobong,011,Nangkod,t,2026-07-17 14:15:33.373,2026-07-17 14:15:33.373
3303030012,33,Jawa Tengah,03,Purbalingga,030,Kejobong,012,Kedarpan,t,2026-07-17 14:15:33.377,2026-07-17 14:15:33.377
3303030013,33,Jawa Tengah,03,Purbalingga,030,Kejobong,013,Pangempon,t,2026-07-17 14:15:33.382,2026-07-17 14:15:33.382
3303040001,33,Jawa Tengah,03,Purbalingga,040,Kaligondang,001,Lamongan,t,2026-07-17 14:15:33.388,2026-07-17 14:15:33.388
3303040002,33,Jawa Tengah,03,Purbalingga,040,Kaligondang,002,Tejasari,t,2026-07-17 14:15:33.392,2026-07-17 14:15:33.392
3303040003,33,Jawa Tengah,03,Purbalingga,040,Kaligondang,003,Cilapar,t,2026-07-17 14:15:33.396,2026-07-17 14:15:33.396
3303040004,33,Jawa Tengah,03,Purbalingga,040,Kaligondang,004,Penolih,t,2026-07-17 14:15:33.401,2026-07-17 14:15:33.401
3303040005,33,Jawa Tengah,03,Purbalingga,040,Kaligondang,005,Sinduraja,t,2026-07-17 14:15:33.405,2026-07-17 14:15:33.405
3303040006,33,Jawa Tengah,03,Purbalingga,040,Kaligondang,006,Selakambang,t,2026-07-17 14:15:33.411,2026-07-17 14:15:33.411
3303040007,33,Jawa Tengah,03,Purbalingga,040,Kaligondang,007,Selanegara,t,2026-07-17 14:15:33.415,2026-07-17 14:15:33.415
3303040008,33,Jawa Tengah,03,Purbalingga,040,Kaligondang,008,Kaligondang,t,2026-07-17 14:15:33.42,2026-07-17 14:15:33.42
3303040009,33,Jawa Tengah,03,Purbalingga,040,Kaligondang,009,Brecek,t,2026-07-17 14:15:33.423,2026-07-17 14:15:33.423
3303040010,33,Jawa Tengah,03,Purbalingga,040,Kaligondang,010,Sempor Lor,t,2026-07-17 14:15:33.427,2026-07-17 14:15:33.427
3303040011,33,Jawa Tengah,03,Purbalingga,040,Kaligondang,011,Penaruban,t,2026-07-17 14:15:33.432,2026-07-17 14:15:33.432
3303040012,33,Jawa Tengah,03,Purbalingga,040,Kaligondang,012,Kalikajar,t,2026-07-17 14:15:33.438,2026-07-17 14:15:33.438
3303040013,33,Jawa Tengah,03,Purbalingga,040,Kaligondang,013,Kembaran Wetan,t,2026-07-17 14:15:33.442,2026-07-17 14:15:33.442
3303040014,33,Jawa Tengah,03,Purbalingga,040,Kaligondang,014,Slinga,t,2026-07-17 14:15:33.449,2026-07-17 14:15:33.449
3303040015,33,Jawa Tengah,03,Purbalingga,040,Kaligondang,015,Arenan,t,2026-07-17 14:15:33.453,2026-07-17 14:15:33.453
3303040016,33,Jawa Tengah,03,Purbalingga,040,Kaligondang,016,Sidanegara,t,2026-07-17 14:15:33.456,2026-07-17 14:15:33.456
3303040017,33,Jawa Tengah,03,Purbalingga,040,Kaligondang,017,Pagerandong,t,2026-07-17 14:15:33.462,2026-07-17 14:15:33.462
3303040018,33,Jawa Tengah,03,Purbalingga,040,Kaligondang,018,Sidareja,t,2026-07-17 14:15:33.465,2026-07-17 14:15:33.465
3303050001,33,Jawa Tengah,03,Purbalingga,050,Purbalingga,001,Bojong,t,2026-07-17 14:15:33.472,2026-07-17 14:15:33.472
3303050003,33,Jawa Tengah,03,Purbalingga,050,Purbalingga,003,Kedungmenjangan,t,2026-07-17 14:15:33.475,2026-07-17 14:15:33.475
3303050005,33,Jawa Tengah,03,Purbalingga,050,Purbalingga,005,Bancar,t,2026-07-17 14:15:33.479,2026-07-17 14:15:33.479
3303050006,33,Jawa Tengah,03,Purbalingga,050,Purbalingga,006,Purbalingga Wetan,t,2026-07-17 14:15:33.484,2026-07-17 14:15:33.484
3303050007,33,Jawa Tengah,03,Purbalingga,050,Purbalingga,007,Penambongan,t,2026-07-17 14:15:33.488,2026-07-17 14:15:33.488
3303050008,33,Jawa Tengah,03,Purbalingga,050,Purbalingga,008,Purbalingga Kidul,t,2026-07-17 14:15:33.493,2026-07-17 14:15:33.493
3303050009,33,Jawa Tengah,03,Purbalingga,050,Purbalingga,009,Kandanggampang,t,2026-07-17 14:15:33.496,2026-07-17 14:15:33.496
3303050010,33,Jawa Tengah,03,Purbalingga,050,Purbalingga,010,Purbalingga Kulon,t,2026-07-17 14:15:33.499,2026-07-17 14:15:33.499
3303050011,33,Jawa Tengah,03,Purbalingga,050,Purbalingga,011,Purbalingga Lor,t,2026-07-17 14:15:33.503,2026-07-17 14:15:33.503
3303050012,33,Jawa Tengah,03,Purbalingga,050,Purbalingga,012,Kembaran Kulon,t,2026-07-17 14:15:33.508,2026-07-17 14:15:33.508
3303050013,33,Jawa Tengah,03,Purbalingga,050,Purbalingga,013,Wirasana,t,2026-07-17 14:15:33.513,2026-07-17 14:15:33.513
3303050002,33,Jawa Tengah,03,Purbalingga,050,Purbalingga,002,Toyareja,t,2026-07-17 14:15:33.517,2026-07-17 14:15:33.517
3303050004,33,Jawa Tengah,03,Purbalingga,050,Purbalingga,004,Jatisaba,t,2026-07-17 14:15:33.521,2026-07-17 14:15:33.521
3303060011,33,Jawa Tengah,03,Purbalingga,060,Kalimanah,011,Mewek,t,2026-07-17 14:15:33.525,2026-07-17 14:15:33.525
3303060012,33,Jawa Tengah,03,Purbalingga,060,Kalimanah,012,Karangmanyar,t,2026-07-17 14:15:33.528,2026-07-17 14:15:33.528
3303060013,33,Jawa Tengah,03,Purbalingga,060,Kalimanah,013,Kalikabong,t,2026-07-17 14:15:33.532,2026-07-17 14:15:33.532
3303060001,33,Jawa Tengah,03,Purbalingga,060,Kalimanah,001,Jompo,t,2026-07-17 14:15:33.537,2026-07-17 14:15:33.537
3303060002,33,Jawa Tengah,03,Purbalingga,060,Kalimanah,002,Rabak,t,2026-07-17 14:15:33.541,2026-07-17 14:15:33.541
3303060003,33,Jawa Tengah,03,Purbalingga,060,Kalimanah,003,Blater,t,2026-07-17 14:15:33.545,2026-07-17 14:15:33.545
3303060004,33,Jawa Tengah,03,Purbalingga,060,Kalimanah,004,Manduraga,t,2026-07-17 14:15:33.55,2026-07-17 14:15:33.55
3303060005,33,Jawa Tengah,03,Purbalingga,060,Kalimanah,005,Karangsari,t,2026-07-17 14:15:33.553,2026-07-17 14:15:33.553
3303060006,33,Jawa Tengah,03,Purbalingga,060,Kalimanah,006,Kalimanah Kulon,t,2026-07-17 14:15:33.556,2026-07-17 14:15:33.556
3303060007,33,Jawa Tengah,03,Purbalingga,060,Kalimanah,007,Sidakangen,t,2026-07-17 14:15:33.56,2026-07-17 14:15:33.56
3303060008,33,Jawa Tengah,03,Purbalingga,060,Kalimanah,008,Karangpetir,t,2026-07-17 14:15:33.564,2026-07-17 14:15:33.564
3303060009,33,Jawa Tengah,03,Purbalingga,060,Kalimanah,009,Kalimanah Wetan,t,2026-07-17 14:15:33.568,2026-07-17 14:15:33.568
3303060010,33,Jawa Tengah,03,Purbalingga,060,Kalimanah,010,Grecol,t,2026-07-17 14:15:33.571,2026-07-17 14:15:33.571
3303060014,33,Jawa Tengah,03,Purbalingga,060,Kalimanah,014,Selabaya,t,2026-07-17 14:15:33.575,2026-07-17 14:15:33.575
3303060015,33,Jawa Tengah,03,Purbalingga,060,Kalimanah,015,Klapasawit,t,2026-07-17 14:15:33.578,2026-07-17 14:15:33.578
3303060016,33,Jawa Tengah,03,Purbalingga,060,Kalimanah,016,Kedungwuluh,t,2026-07-17 14:15:33.581,2026-07-17 14:15:33.581
3303060017,33,Jawa Tengah,03,Purbalingga,060,Kalimanah,017,Babakan,t,2026-07-17 14:15:33.584,2026-07-17 14:15:33.584
3303070001,33,Jawa Tengah,03,Purbalingga,070,Kutasari,001,Karanglewas,t,2026-07-17 14:15:33.587,2026-07-17 14:15:33.587
3303070002,33,Jawa Tengah,03,Purbalingga,070,Kutasari,002,Munjul,t,2026-07-17 14:15:33.591,2026-07-17 14:15:33.591
3303070003,33,Jawa Tengah,03,Purbalingga,070,Kutasari,003,Sumingkir,t,2026-07-17 14:15:33.595,2026-07-17 14:15:33.595
3303070004,33,Jawa Tengah,03,Purbalingga,070,Kutasari,004,Meri,t,2026-07-17 14:15:33.598,2026-07-17 14:15:33.598
3303070005,33,Jawa Tengah,03,Purbalingga,070,Kutasari,005,Kutasari,t,2026-07-17 14:15:33.603,2026-07-17 14:15:33.603
3303070006,33,Jawa Tengah,03,Purbalingga,070,Kutasari,006,Karangklesem,t,2026-07-17 14:15:33.607,2026-07-17 14:15:33.607
3303070007,33,Jawa Tengah,03,Purbalingga,070,Kutasari,007,Karangreja,t,2026-07-17 14:15:33.61,2026-07-17 14:15:33.61
3303070008,33,Jawa Tengah,03,Purbalingga,070,Kutasari,008,Karangaren,t,2026-07-17 14:15:33.614,2026-07-17 14:15:33.614
3303070009,33,Jawa Tengah,03,Purbalingga,070,Kutasari,009,Limbangan,t,2026-07-17 14:15:33.619,2026-07-17 14:15:33.619
3303070010,33,Jawa Tengah,03,Purbalingga,070,Kutasari,010,Cendana,t,2026-07-17 14:15:33.623,2026-07-17 14:15:33.623
3303070011,33,Jawa Tengah,03,Purbalingga,070,Kutasari,011,Candiwulan,t,2026-07-17 14:15:33.627,2026-07-17 14:15:33.627
3303070012,33,Jawa Tengah,03,Purbalingga,070,Kutasari,012,Karangcegak,t,2026-07-17 14:15:33.63,2026-07-17 14:15:33.63
3303070013,33,Jawa Tengah,03,Purbalingga,070,Kutasari,013,Candinata,t,2026-07-17 14:15:33.633,2026-07-17 14:15:33.633
3303070014,33,Jawa Tengah,03,Purbalingga,070,Kutasari,014,Karangjengkol,t,2026-07-17 14:15:33.637,2026-07-17 14:15:33.637
3303080001,33,Jawa Tengah,03,Purbalingga,080,Mrebet,001,Karangturi,t,2026-07-17 14:15:33.64,2026-07-17 14:15:33.64
3303080002,33,Jawa Tengah,03,Purbalingga,080,Mrebet,002,Onje,t,2026-07-17 14:15:33.642,2026-07-17 14:15:33.642
3303080003,33,Jawa Tengah,03,Purbalingga,080,Mrebet,003,Sindang,t,2026-07-17 14:15:33.644,2026-07-17 14:15:33.644
3303080004,33,Jawa Tengah,03,Purbalingga,080,Mrebet,004,Tangkisan,t,2026-07-17 14:15:33.647,2026-07-17 14:15:33.647
3303080005,33,Jawa Tengah,03,Purbalingga,080,Mrebet,005,Kradenan,t,2026-07-17 14:15:33.652,2026-07-17 14:15:33.652
3303080006,33,Jawa Tengah,03,Purbalingga,080,Mrebet,006,Lambur,t,2026-07-17 14:15:33.657,2026-07-17 14:15:33.657
3303080007,33,Jawa Tengah,03,Purbalingga,080,Mrebet,007,Selaganggeng,t,2026-07-17 14:15:33.661,2026-07-17 14:15:33.661
3303080008,33,Jawa Tengah,03,Purbalingga,080,Mrebet,008,Mangunegara,t,2026-07-17 14:15:33.664,2026-07-17 14:15:33.664
3303080009,33,Jawa Tengah,03,Purbalingga,080,Mrebet,009,Karangnangka,t,2026-07-17 14:15:33.671,2026-07-17 14:15:33.671
3303080010,33,Jawa Tengah,03,Purbalingga,080,Mrebet,010,Mrebet,t,2026-07-17 14:15:33.674,2026-07-17 14:15:33.674
3303080011,33,Jawa Tengah,03,Purbalingga,080,Mrebet,011,Bojong,t,2026-07-17 14:15:33.676,2026-07-17 14:15:33.676
3303080012,33,Jawa Tengah,03,Purbalingga,080,Mrebet,012,Serayu Karanganyar,t,2026-07-17 14:15:33.68,2026-07-17 14:15:33.68
3303080013,33,Jawa Tengah,03,Purbalingga,080,Mrebet,013,Serayu Larangan,t,2026-07-17 14:15:33.685,2026-07-17 14:15:33.685
3303080014,33,Jawa Tengah,03,Purbalingga,080,Mrebet,014,Campakoah,t,2026-07-17 14:15:33.688,2026-07-17 14:15:33.688
3303080015,33,Jawa Tengah,03,Purbalingga,080,Mrebet,015,Pagerandong,t,2026-07-17 14:15:33.693,2026-07-17 14:15:33.693
3303080016,33,Jawa Tengah,03,Purbalingga,080,Mrebet,016,Cipaku,t,2026-07-17 14:15:33.698,2026-07-17 14:15:33.698
3303080017,33,Jawa Tengah,03,Purbalingga,080,Mrebet,017,Binangun,t,2026-07-17 14:15:33.704,2026-07-17 14:15:33.704
3303080018,33,Jawa Tengah,03,Purbalingga,080,Mrebet,018,Pengalusan,t,2026-07-17 14:15:33.707,2026-07-17 14:15:33.707
3303080019,33,Jawa Tengah,03,Purbalingga,080,Mrebet,019,Sangkanayu,t,2026-07-17 14:15:33.711,2026-07-17 14:15:33.711
3303090001,33,Jawa Tengah,03,Purbalingga,090,Bobotsari,001,Gandasuli,t,2026-07-17 14:15:33.716,2026-07-17 14:15:33.716
3303090002,33,Jawa Tengah,03,Purbalingga,090,Bobotsari,002,Kalapacung,t,2026-07-17 14:15:33.721,2026-07-17 14:15:33.721
3303090003,33,Jawa Tengah,03,Purbalingga,090,Bobotsari,003,Karangmalang,t,2026-07-17 14:15:33.725,2026-07-17 14:15:33.725
3303090004,33,Jawa Tengah,03,Purbalingga,090,Bobotsari,004,Banjarsari,t,2026-07-17 14:15:33.729,2026-07-17 14:15:33.729
3303090005,33,Jawa Tengah,03,Purbalingga,090,Bobotsari,005,Majapura,t,2026-07-17 14:15:33.732,2026-07-17 14:15:33.732
3303090006,33,Jawa Tengah,03,Purbalingga,090,Bobotsari,006,Bobotsari,t,2026-07-17 14:15:33.736,2026-07-17 14:15:33.736
3303090007,33,Jawa Tengah,03,Purbalingga,090,Bobotsari,007,Karangduren,t,2026-07-17 14:15:33.739,2026-07-17 14:15:33.739
3303090008,33,Jawa Tengah,03,Purbalingga,090,Bobotsari,008,Pakuncen,t,2026-07-17 14:15:33.744,2026-07-17 14:15:33.744
3303090009,33,Jawa Tengah,03,Purbalingga,090,Bobotsari,009,Karangtalun,t,2026-07-17 14:15:33.749,2026-07-17 14:15:33.749
3303090010,33,Jawa Tengah,03,Purbalingga,090,Bobotsari,010,Gunungkarang,t,2026-07-17 14:15:33.754,2026-07-17 14:15:33.754
3303090011,33,Jawa Tengah,03,Purbalingga,090,Bobotsari,011,Talagening,t,2026-07-17 14:15:33.759,2026-07-17 14:15:33.759
3303090012,33,Jawa Tengah,03,Purbalingga,090,Bobotsari,012,Tlagayasa,t,2026-07-17 14:15:33.762,2026-07-17 14:15:33.762
3303090013,33,Jawa Tengah,03,Purbalingga,090,Bobotsari,013,Dagan,t,2026-07-17 14:15:33.765,2026-07-17 14:15:33.765
3303090014,33,Jawa Tengah,03,Purbalingga,090,Bobotsari,014,Palumbungan,t,2026-07-17 14:15:33.768,2026-07-17 14:15:33.768
3303090015,33,Jawa Tengah,03,Purbalingga,090,Bobotsari,015,Limbasari,t,2026-07-17 14:15:33.77,2026-07-17 14:15:33.77
3303090016,33,Jawa Tengah,03,Purbalingga,090,Bobotsari,016,Palumbungan Wetan,t,2026-07-17 14:15:33.773,2026-07-17 14:15:33.773
3303100001,33,Jawa Tengah,03,Purbalingga,100,Karangreja,001,Serang,t,2026-07-17 14:15:33.776,2026-07-17 14:15:33.776
3303100002,33,Jawa Tengah,03,Purbalingga,100,Karangreja,002,Kutabawa,t,2026-07-17 14:15:33.779,2026-07-17 14:15:33.779
3303100003,33,Jawa Tengah,03,Purbalingga,100,Karangreja,003,Siwarak,t,2026-07-17 14:15:33.782,2026-07-17 14:15:33.782
3303100004,33,Jawa Tengah,03,Purbalingga,100,Karangreja,004,Tlahab Lor,t,2026-07-17 14:15:33.785,2026-07-17 14:15:33.785
3303100005,33,Jawa Tengah,03,Purbalingga,100,Karangreja,005,Tlahab Kidul,t,2026-07-17 14:15:33.789,2026-07-17 14:15:33.789
3303100006,33,Jawa Tengah,03,Purbalingga,100,Karangreja,006,Karangreja,t,2026-07-17 14:15:33.794,2026-07-17 14:15:33.794
3303100007,33,Jawa Tengah,03,Purbalingga,100,Karangreja,007,Gondang,t,2026-07-17 14:15:33.799,2026-07-17 14:15:33.799
3303110001,33,Jawa Tengah,03,Purbalingga,110,Karanganyar,001,Ponjen,t,2026-07-17 14:15:33.803,2026-07-17 14:15:33.803
3303110002,33,Jawa Tengah,03,Purbalingga,110,Karanganyar,002,Buara,t,2026-07-17 14:15:33.806,2026-07-17 14:15:33.806
3303110003,33,Jawa Tengah,03,Purbalingga,110,Karanganyar,003,Brakas,t,2026-07-17 14:15:33.81,2026-07-17 14:15:33.81
3303110004,33,Jawa Tengah,03,Purbalingga,110,Karanganyar,004,Bungkanel,t,2026-07-17 14:15:33.813,2026-07-17 14:15:33.813
3303110005,33,Jawa Tengah,03,Purbalingga,110,Karanganyar,005,Lumpang,t,2026-07-17 14:15:33.818,2026-07-17 14:15:33.818
3303110006,33,Jawa Tengah,03,Purbalingga,110,Karanganyar,006,Karanggedang,t,2026-07-17 14:15:33.821,2026-07-17 14:15:33.821
3303110007,33,Jawa Tengah,03,Purbalingga,110,Karanganyar,007,Kabunderan,t,2026-07-17 14:15:33.824,2026-07-17 14:15:33.824
3303110008,33,Jawa Tengah,03,Purbalingga,110,Karanganyar,008,Jambudesa,t,2026-07-17 14:15:33.827,2026-07-17 14:15:33.827
3303110009,33,Jawa Tengah,03,Purbalingga,110,Karanganyar,009,Maribaya,t,2026-07-17 14:15:33.83,2026-07-17 14:15:33.83
3303110010,33,Jawa Tengah,03,Purbalingga,110,Karanganyar,010,Karanganyar,t,2026-07-17 14:15:33.833,2026-07-17 14:15:33.833
3303110012,33,Jawa Tengah,03,Purbalingga,110,Karanganyar,012,Banjarkerta,t,2026-07-17 14:15:33.836,2026-07-17 14:15:33.836
3303110013,33,Jawa Tengah,03,Purbalingga,110,Karanganyar,013,Kalijaran,t,2026-07-17 14:15:33.84,2026-07-17 14:15:33.84
3303110014,33,Jawa Tengah,03,Purbalingga,110,Karanganyar,014,Kaliori,t,2026-07-17 14:15:33.845,2026-07-17 14:15:33.845
3303120001,33,Jawa Tengah,03,Purbalingga,120,Karangmoncol,001,Karangsari,t,2026-07-17 14:15:33.85,2026-07-17 14:15:33.85
3303120002,33,Jawa Tengah,03,Purbalingga,120,Karangmoncol,002,Pepedan,t,2026-07-17 14:15:33.853,2026-07-17 14:15:33.853
3303120003,33,Jawa Tengah,03,Purbalingga,120,Karangmoncol,003,Pekiringan,t,2026-07-17 14:15:33.856,2026-07-17 14:15:33.856
3303120004,33,Jawa Tengah,03,Purbalingga,120,Karangmoncol,004,Grantung,t,2026-07-17 14:15:33.859,2026-07-17 14:15:33.859
3303120005,33,Jawa Tengah,03,Purbalingga,120,Karangmoncol,005,Rajawana,t,2026-07-17 14:15:33.863,2026-07-17 14:15:33.863
3303120006,33,Jawa Tengah,03,Purbalingga,120,Karangmoncol,006,Tajug,t,2026-07-17 14:15:33.865,2026-07-17 14:15:33.865
3303120007,33,Jawa Tengah,03,Purbalingga,120,Karangmoncol,007,Tamansari,t,2026-07-17 14:15:33.869,2026-07-17 14:15:33.869
3303120008,33,Jawa Tengah,03,Purbalingga,120,Karangmoncol,008,Baleraksa,t,2026-07-17 14:15:33.873,2026-07-17 14:15:33.873
3303120009,33,Jawa Tengah,03,Purbalingga,120,Karangmoncol,009,Tunjungmuli,t,2026-07-17 14:15:33.878,2026-07-17 14:15:33.878
3303120010,33,Jawa Tengah,03,Purbalingga,120,Karangmoncol,010,Kramat,t,2026-07-17 14:15:33.883,2026-07-17 14:15:33.883
3303120011,33,Jawa Tengah,03,Purbalingga,120,Karangmoncol,011,Sirau,t,2026-07-17 14:15:33.888,2026-07-17 14:15:33.888
3303130001,33,Jawa Tengah,03,Purbalingga,130,Rembang,001,Wlahar,t,2026-07-17 14:15:33.891,2026-07-17 14:15:33.891
3303130002,33,Jawa Tengah,03,Purbalingga,130,Rembang,002,Bantarbarang,t,2026-07-17 14:15:33.897,2026-07-17 14:15:33.897
3303130003,33,Jawa Tengah,03,Purbalingga,130,Rembang,003,Karangbawang,t,2026-07-17 14:15:33.9,2026-07-17 14:15:33.9
3303130004,33,Jawa Tengah,03,Purbalingga,130,Rembang,004,Gunungwuled,t,2026-07-17 14:15:33.903,2026-07-17 14:15:33.903
3303130005,33,Jawa Tengah,03,Purbalingga,130,Rembang,005,Losari,t,2026-07-17 14:15:33.906,2026-07-17 14:15:33.906
3303130006,33,Jawa Tengah,03,Purbalingga,130,Rembang,006,Bodaskarangjati,t,2026-07-17 14:15:33.908,2026-07-17 14:15:33.908
3303130007,33,Jawa Tengah,03,Purbalingga,130,Rembang,007,Wanogara Wetan,t,2026-07-17 14:15:33.91,2026-07-17 14:15:33.91
3303130008,33,Jawa Tengah,03,Purbalingga,130,Rembang,008,Wanogara Kulon,t,2026-07-17 14:15:33.913,2026-07-17 14:15:33.913
3303130009,33,Jawa Tengah,03,Purbalingga,130,Rembang,009,Makam,t,2026-07-17 14:15:33.914,2026-07-17 14:15:33.914
3303130010,33,Jawa Tengah,03,Purbalingga,130,Rembang,010,Sumampir,t,2026-07-17 14:15:33.917,2026-07-17 14:15:33.917
3303130011,33,Jawa Tengah,03,Purbalingga,130,Rembang,011,Tanalum,t,2026-07-17 14:15:33.92,2026-07-17 14:15:33.92
3303130012,33,Jawa Tengah,03,Purbalingga,130,Rembang,012,Panusupan,t,2026-07-17 14:15:33.923,2026-07-17 14:15:33.923
3303140001,33,Jawa Tengah,03,Purbalingga,140,Bojongsari,001,Brobot,t,2026-07-17 14:15:33.927,2026-07-17 14:15:33.927
3303140002,33,Jawa Tengah,03,Purbalingga,140,Bojongsari,002,Gembong,t,2026-07-17 14:15:33.929,2026-07-17 14:15:33.929
3303140003,33,Jawa Tengah,03,Purbalingga,140,Bojongsari,003,Galuh,t,2026-07-17 14:15:33.933,2026-07-17 14:15:33.933
3303140004,33,Jawa Tengah,03,Purbalingga,140,Bojongsari,004,Banjaran,t,2026-07-17 14:15:33.935,2026-07-17 14:15:33.935
3303140005,33,Jawa Tengah,03,Purbalingga,140,Bojongsari,005,Patemon,t,2026-07-17 14:15:33.938,2026-07-17 14:15:33.938
3303140006,33,Jawa Tengah,03,Purbalingga,140,Bojongsari,006,Bojongsari,t,2026-07-17 14:15:33.94,2026-07-17 14:15:33.94
3303140007,33,Jawa Tengah,03,Purbalingga,140,Bojongsari,007,Kajongan,t,2026-07-17 14:15:33.943,2026-07-17 14:15:33.943
3303140008,33,Jawa Tengah,03,Purbalingga,140,Bojongsari,008,Karangbanjar,t,2026-07-17 14:15:33.945,2026-07-17 14:15:33.945
3303140009,33,Jawa Tengah,03,Purbalingga,140,Bojongsari,009,Beji,t,2026-07-17 14:15:33.948,2026-07-17 14:15:33.948
3303140010,33,Jawa Tengah,03,Purbalingga,140,Bojongsari,010,Pagedangan,t,2026-07-17 14:15:33.951,2026-07-17 14:15:33.951
3303140011,33,Jawa Tengah,03,Purbalingga,140,Bojongsari,011,Pekalongan,t,2026-07-17 14:15:33.953,2026-07-17 14:15:33.953
3303140012,33,Jawa Tengah,03,Purbalingga,140,Bojongsari,012,Metenggeng,t,2026-07-17 14:15:33.956,2026-07-17 14:15:33.956
3303140013,33,Jawa Tengah,03,Purbalingga,140,Bojongsari,013,Bumisari,t,2026-07-17 14:15:33.958,2026-07-17 14:15:33.958
3303150004,33,Jawa Tengah,03,Purbalingga,150,Padamara,004,Karangsentul,t,2026-07-17 14:15:33.96,2026-07-17 14:15:33.96
3303150001,33,Jawa Tengah,03,Purbalingga,150,Padamara,001,Karangpule,t,2026-07-17 14:15:33.963,2026-07-17 14:15:33.963
3303150002,33,Jawa Tengah,03,Purbalingga,150,Padamara,002,Sokawera,t,2026-07-17 14:15:33.967,2026-07-17 14:15:33.967
3303150003,33,Jawa Tengah,03,Purbalingga,150,Padamara,003,Karangjambe,t,2026-07-17 14:15:33.971,2026-07-17 14:15:33.971
3303150005,33,Jawa Tengah,03,Purbalingga,150,Padamara,005,Bojanegara,t,2026-07-17 14:15:33.975,2026-07-17 14:15:33.975
3303150006,33,Jawa Tengah,03,Purbalingga,150,Padamara,006,Gemuruh,t,2026-07-17 14:15:33.978,2026-07-17 14:15:33.978
3303150007,33,Jawa Tengah,03,Purbalingga,150,Padamara,007,Dawuhan,t,2026-07-17 14:15:33.981,2026-07-17 14:15:33.981
3303150008,33,Jawa Tengah,03,Purbalingga,150,Padamara,008,Prigi,t,2026-07-17 14:15:33.984,2026-07-17 14:15:33.984
3303150009,33,Jawa Tengah,03,Purbalingga,150,Padamara,009,Padamara,t,2026-07-17 14:15:33.989,2026-07-17 14:15:33.989
3303150010,33,Jawa Tengah,03,Purbalingga,150,Padamara,010,Purbayasa,t,2026-07-17 14:15:33.993,2026-07-17 14:15:33.993
3303150011,33,Jawa Tengah,03,Purbalingga,150,Padamara,011,Kalitinggar,t,2026-07-17 14:15:33.997,2026-07-17 14:15:33.997
3303150012,33,Jawa Tengah,03,Purbalingga,150,Padamara,012,Mipiran,t,2026-07-17 14:15:34,2026-07-17 14:15:34
3303150013,33,Jawa Tengah,03,Purbalingga,150,Padamara,013,Karanggambas,t,2026-07-17 14:15:34.003,2026-07-17 14:15:34.003
3303150014,33,Jawa Tengah,03,Purbalingga,150,Padamara,014,Kalitinggar Kidul,t,2026-07-17 14:15:34.006,2026-07-17 14:15:34.006
3303160001,33,Jawa Tengah,03,Purbalingga,160,Pengadegan,001,Panunggalan,t,2026-07-17 14:15:34.009,2026-07-17 14:15:34.009
3303160002,33,Jawa Tengah,03,Purbalingga,160,Pengadegan,002,Larangan,t,2026-07-17 14:15:34.012,2026-07-17 14:15:34.012
3303160003,33,Jawa Tengah,03,Purbalingga,160,Pengadegan,003,Pasunggingan,t,2026-07-17 14:15:34.015,2026-07-17 14:15:34.015
3303160004,33,Jawa Tengah,03,Purbalingga,160,Pengadegan,004,Pengadegan,t,2026-07-17 14:15:34.018,2026-07-17 14:15:34.018
3303160005,33,Jawa Tengah,03,Purbalingga,160,Pengadegan,005,Karangjoho,t,2026-07-17 14:15:34.021,2026-07-17 14:15:34.021
3303160006,33,Jawa Tengah,03,Purbalingga,160,Pengadegan,006,Bedagas,t,2026-07-17 14:15:34.024,2026-07-17 14:15:34.024
3303160007,33,Jawa Tengah,03,Purbalingga,160,Pengadegan,007,Tumanggal,t,2026-07-17 14:15:34.027,2026-07-17 14:15:34.027
3303160008,33,Jawa Tengah,03,Purbalingga,160,Pengadegan,008,Tegalpingen,t,2026-07-17 14:15:34.03,2026-07-17 14:15:34.03
3303160009,33,Jawa Tengah,03,Purbalingga,160,Pengadegan,009,Tetel,t,2026-07-17 14:15:34.034,2026-07-17 14:15:34.034
3303170001,33,Jawa Tengah,03,Purbalingga,170,Karangjambu,001,Purbasari,t,2026-07-17 14:15:34.037,2026-07-17 14:15:34.037
3303170002,33,Jawa Tengah,03,Purbalingga,170,Karangjambu,002,Sirandu,t,2026-07-17 14:15:34.041,2026-07-17 14:15:34.041
3303170003,33,Jawa Tengah,03,Purbalingga,170,Karangjambu,003,Karangjambu,t,2026-07-17 14:15:34.044,2026-07-17 14:15:34.044
3303170004,33,Jawa Tengah,03,Purbalingga,170,Karangjambu,004,Sanguwatang,t,2026-07-17 14:15:34.047,2026-07-17 14:15:34.047
3303170005,33,Jawa Tengah,03,Purbalingga,170,Karangjambu,005,Jingkang,t,2026-07-17 14:15:34.05,2026-07-17 14:15:34.05
3303170006,33,Jawa Tengah,03,Purbalingga,170,Karangjambu,006,Danasari,t,2026-07-17 14:15:34.053,2026-07-17 14:15:34.053
3303180001,33,Jawa Tengah,03,Purbalingga,180,Kertanegara,001,Krangean,t,2026-07-17 14:15:34.055,2026-07-17 14:15:34.055
3303180002,33,Jawa Tengah,03,Purbalingga,180,Kertanegara,002,Darma,t,2026-07-17 14:15:34.059,2026-07-17 14:15:34.059
3303180003,33,Jawa Tengah,03,Purbalingga,180,Kertanegara,003,Langkap,t,2026-07-17 14:15:34.062,2026-07-17 14:15:34.062
3303180004,33,Jawa Tengah,03,Purbalingga,180,Kertanegara,004,Adiarsa,t,2026-07-17 14:15:34.064,2026-07-17 14:15:34.064
3303180005,33,Jawa Tengah,03,Purbalingga,180,Kertanegara,005,Karangasem,t,2026-07-17 14:15:34.067,2026-07-17 14:15:34.067
3303180006,33,Jawa Tengah,03,Purbalingga,180,Kertanegara,006,Karangpucung,t,2026-07-17 14:15:34.072,2026-07-17 14:15:34.072
3303180007,33,Jawa Tengah,03,Purbalingga,180,Kertanegara,007,Condong,t,2026-07-17 14:15:34.076,2026-07-17 14:15:34.076
3303180008,33,Jawa Tengah,03,Purbalingga,180,Kertanegara,008,Kasih,t,2026-07-17 14:15:34.082,2026-07-17 14:15:34.082
3303180009,33,Jawa Tengah,03,Purbalingga,180,Kertanegara,009,Karangtengah,t,2026-07-17 14:15:34.085,2026-07-17 14:15:34.085
3303180010,33,Jawa Tengah,03,Purbalingga,180,Kertanegara,010,Kertanegara,t,2026-07-17 14:15:34.089,2026-07-17 14:15:34.089
3303180011,33,Jawa Tengah,03,Purbalingga,180,Kertanegara,011,Mergasana,t,2026-07-17 14:15:34.092,2026-07-17 14:15:34.092
